iter	RMSE
0	0.4376293813
1	0.4022423192
2	0.3728723898
3	0.3435658647
4	0.3183326217
5	0.2959772095
6	0.2753871133
7	0.2577756437
8	0.242524024
9	0.2289562611
10	0.2163799997
11	0.2056166014
12	0.196031772
13	0.1877411837
14	0.1791156768
15	0.1731720317
16	0.1669430785
17	0.1612831419
18	0.1572334781
19	0.1533553771
20	0.1498282849
21	0.1472732801
22	0.1443214859
23	0.1412756427
24	0.1390492668
25	0.1366166847
26	0.1346057415
27	0.132683957
28	0.1310019415
29	0.1287554605
